Section,Theme,Kanji,On,Kun,Meanings,Example Use
1,People & basic nouns,人,ジン・ニン,ひと,person people,外国人 (foreigner)
1,People & basic nouns,男,ダン・ナン,おとこ,man male,—
1,People & basic nouns,女,ジョ・ニョ・ニョウ,おんな・め,woman female,—
1,People & basic nouns,子,シ・ス,こ,child,子供 (child)
1,People & basic nouns,友,ユウ,とも,friend,友達 (friend)
1,Time & numbers,一,イチ・イツ,ひと(つ),one,一つ (one thing)
1,Time & numbers,二,ニ・ジ,ふた・ふた(つ),two,二人 (two people)
1,Time & numbers,三,サン,み・み(っつ),three,三月 (March)
1,Time & numbers,四,シ,よ・よ(っつ)・よん,four,四月 (April)
1,Time & numbers,五,ゴ,いつ・いつ(つ),five,五時 (5 o'clock)
1,Time & numbers,六,ロク,む・む(っつ)・むい,six,六本木 (Roppongi)
1,Time & numbers,七,シチ,なな・なな(つ)・なの,seven,七月 (July)
1,Time & numbers,八,ハチ,や・や(っつ)・よう,eight,八月 (August)
1,Time & numbers,九,キュウ・ク,ここの・ここの(つ),nine,九時 (9 o'clock)
1,Time & numbers,十,ジュウ・ジッ,とお・と,ten,十分 (10 minutes)
1,Time & numbers,百,ヒャク・ビャク,,hundred,三百 (300)
1,Time & numbers,千,セン,ち,thousand,千円 (1000 yen)
1,Time & numbers,万,マン・バン,,ten thousand,一万円 (10000 yen)
1,Time & numbers,円,エン,まる(い),yen circle,五百円 (500 yen)
1,Time & numbers,時,ジ,とき,time hour o'clock,何時 (what time)
1,Time & numbers,分,フン・ブン・ブ,わ(ける)・わ(かれる)・わ(かる)・わ(かつ),minute part,三十分 (30 min)
1,Time & numbers,半,ハン,なか(ば),half,三時半 (3:30)
1,Food & drink,食,ショク・ジキ,た(べる)・く(う)・く(らう),eat food,食べ物 (food)
1,Food & drink,飲,イン,の(む),drink,飲み物 (beverage)
1,Food & drink,水,スイ,みず,water,お水 (water)
1,Food & drink,魚,ギョ,うお・さかな,fish,魚料理 (fish dish)
1,Food & drink,肉,ニク,,meat,肉まん (meat bun)
1,Countries & places,日,ニチ・ジツ,ひ・び・か,sun day Japan,日本語 (Japanese lang.)
1,Countries & places,本,ホン,もと,book origin Japan,本を読む (read a book)
1,Countries & places,国,コク,くに,country nation,中国 (China)
1,Countries & places,中,チュウ・ジュウ,なか,inside middle China,中学校 (middle school)
1,Countries & places,外,ガイ・ゲ,そと・ほか・はず(す)・はず(れる),outside foreign,外国人 (foreigner)
1,Countries & places,山,サン,やま,mountain,富士山 (Mt. Fuji)
1,Countries & places,川,セン,かわ,river,川沿い (riverside)
2,Family,父,フ,ちち,father (own),お父さん (dad honorific)
2,Family,母,ボ,はは,mother (own),お母さん (mom honorific)
2,Family,兄,ケイ・キョウ,あに,older brother (own),お兄さん (older bro honorific)
2,Family,姉,シ,あね,older sister (own),お姉さん (older sis honorific)
2,Family,弟,テイ・ダイ・デ,おとうと,younger brother,弟 (younger brother)
2,Family,妹,マイ,いもうと,younger sister,妹 (younger sister)
2,Family,家,カ・ケ,いえ・や,house family home,家族 (family)
2,Family,族,ゾク,,family tribe,家族 (family)
2,Daily life & routine,毎,マイ,,every,毎日 (every day)
2,Daily life & routine,朝,チョウ,あさ,morning,朝ごはん (breakfast)
2,Daily life & routine,昼,チュウ,ひる,noon daytime,昼ごはん (lunch)
2,Daily life & routine,夜,ヤ,よ・よる,night evening,夜ごはん (dinner)
2,Daily life & routine,今,コン・キン,いま,now this,今週 (this week)
2,Daily life & routine,週,シュウ,,week,来週 (next week)
2,Daily life & routine,月,ゲツ・ガツ,つき,moon month Monday,月曜日 (Monday)
2,Daily life & routine,年,ネン,とし,year,今年 (this year)
2,Daily life & routine,曜,ヨウ,,day of the week,曜日 (day of week)
2,Daily life & routine,前,ゼン,まえ,before in front of,午前 (AM)
2,Daily life & routine,後,ゴ・コウ,のち・うし(ろ)・あと・おく(れる),after behind later,午後 (PM)
2,Places & transport,駅,エキ,,train station,東京駅 (Tokyo Station)
2,Places & transport,電,デン,,electricity electric,電車 (train)
2,Places & transport,車,シャ,くるま,car vehicle,電車 (train)
2,Places & transport,道,ドウ・トウ,みち,road way path,道路 (road)
2,Places & transport,右,ウ・ユウ,みぎ,right (direction),右側 (right side)
2,Places & transport,左,サ,ひだり,left (direction),左折 (turn left)
2,Places & transport,上,ジョウ・ショウ,うえ・うわ・かみ・あ(げる)・あ(がる)・のぼ(る),up above on top,以上 (or more)
2,Places & transport,下,カ・ゲ,した・しも・もと・さ(げる)・さ(がる)・くだ(る)・くだ(さる)・お(ろす)・お(りる),down below under,以下 (or less)
2,Places & transport,東,トウ,ひがし,east,東京 (Tokyo)
2,Places & transport,西,セイ・サイ,にし,west,関西 (Kansai)
2,Places & transport,南,ナン・ナ,みなみ,south,南口 (south exit)
2,Places & transport,北,ホク,きた,north,北口 (north exit)
2,Shopping & clothes,大,ダイ・タイ,おお・おお(きい)・おお(いに),big large,大学 (university)
2,Shopping & clothes,小,ショウ,ちい(さい)・こ・お,small little,小学校 (elementary school)
2,Shopping & clothes,白,ハク・ビャク,しろ・しろ(い)・しら,white,白い (white)
2,Shopping & clothes,黒,コク,くろ・くろ(い),black,黒い (black)
2,Shopping & clothes,赤,セキ・シャク,あか・あか(い)・あか(らむ),red,赤ちゃん (baby)
2,Shopping & clothes,青,セイ・ショウ,あお・あお(い),blue green,青い (blue)
2,Work & school,会,カイ・エ,あ(う),meet meeting society,会社 (company)
2,Work & school,社,シャ,やしろ,company shrine,会社 (company)
2,Work & school,学,ガク,まな(ぶ),study learning,学生 (student)
2,Work & school,校,コウ,,school,学校 (school)
2,Work & school,生,セイ・ショウ,い(きる)・う(まれる)・う(む)・お(う)・は(える)・なま・き,life raw student,先生 (teacher)
2,Work & school,先,セン,さき,ahead previous teacher,先生 (teacher)
2,Work & school,行,コウ・ギョウ・アン,い(く)・ゆ(く)・おこな(う),go,どこへ行く？(where going?)
2,Work & school,来,ライ,く(る)・きた(る)・きた(す),come,来週 (next week)
2,Work & school,帰,キ,かえ(る)・かえ(す),return home,帰宅 (return home)
2,Weather,天,テン,あめ・あま,sky heaven weather,天気 (weather)
2,Weather,気,キ・ケ,,spirit air weather feeling,元気 (healthy/fine)
2,Weather,雨,ウ,あめ・あま,rain,雨の日 (rainy day)
2,Weather,雪,セツ,ゆき,snow,大雪 (heavy snow)
2,Weather,風,フウ・フ,かぜ・かざ,wind style,台風 (typhoon)
3,Verbs (past & actions),見,ケン,み(る)・み(える)・み(せる),see look watch,テレビを見る (watch TV)
3,Verbs (past & actions),聞,ブン・モン,き(く)・き(こえる),hear listen ask,音楽を聞く (listen to music)
3,Verbs (past & actions),話,ワ,はな(す)・はなし,speak story talk,電話 (telephone)
3,Verbs (past & actions),読,ドク・トク・トウ,よ(む),read,本を読む (read a book)
3,Verbs (past & actions),書,ショ,か(く),write,手紙を書く (write letter)
3,Verbs (past & actions),買,バイ,か(う),buy,買い物 (shopping)
3,Verbs (past & actions),売,バイ,う(る)・う(れる),sell,売り場 (sales floor)
3,Verbs (past & actions),使,シ,つか(う),use,使い方 (how to use)
3,Verbs (past & actions),作,サク・サ,つく(る),make create,手作り (handmade)
3,Verbs (past & actions),出,シュツ・スイ,で(る)・だ(す),exit go out put out,出口 (exit)
3,Verbs (past & actions),入,ニュウ,はい(る)・い(れる)・い(る),enter put in,入口 (entrance)
3,Verbs (past & actions),着,チャク・ジャク,き(る)・き(せる)・つ(く)・つ(ける),wear (clothes) arrive,着物 (kimono)
3,Verbs (past & actions),起,キ,お(きる)・お(こる)・お(こす),wake up arise,起きる (wake up)
3,Verbs (past & actions),寝,シン,ね(る)・ね(かす),sleep go to bed,寝室 (bedroom)
3,Health & body,頭,トウ・ズ・ト,あたま・かしら,head,頭が痛い (headache)
3,Health & body,目,モク・ボク,め・ま,eye,目薬 (eye drops)
3,Health & body,耳,ジ,みみ,ear,耳鼻科 (ENT clinic)
3,Health & body,口,コウ・ク,くち,mouth,口紅 (lipstick)
3,Health & body,手,シュ,て・た,hand,手紙 (letter)
3,Health & body,足,ソク,あし・た(りる)・た(る)・た(す),foot leg,足りる (be enough)
3,Health & body,体,タイ・テイ,からだ,body,体育 (PE class)
3,Health & body,病,ビョウ・ヘイ,や(む)・やまい,illness disease,病院 (hospital)
3,Health & body,院,イン,,institution hospital,病院 (hospital)
3,Nature & places,花,カ,はな,flower,花見 (flower viewing)
3,Nature & places,木,モク・ボク,き・こ,tree wood Thursday,木曜日 (Thursday)
3,Nature & places,森,シン,もり,forest,森林 (forest/woodland)
3,Nature & places,海,カイ,うみ,ocean sea,海外 (overseas)
3,Nature & places,空,クウ,そら・あ(く)・あ(ける)・から,sky empty,空港 (airport)
3,Nature & places,土,ド・ト,つち,earth soil Saturday,土曜日 (Saturday)
3,Nature & places,火,カ,ひ・ほ,fire Tuesday,火曜日 (Tuesday)
3,Nature & places,金,キン・コン,かね・かな,gold money Friday,金曜日 (Friday)
3,Travel & shopping,店,テン,みせ,shop store,お店 (shop)
3,Travel & shopping,新,シン,あたら(しい)・あら(た)・にい,new,新幹線 (shinkansen)
3,Travel & shopping,古,コ,ふる(い)・ふる(す),old ancient,古い (old)
3,Travel & shopping,高,コウ,たか(い)・たか・たか(まる)・たか(める),expensive tall,高校 (high school)
3,Travel & shopping,安,アン,やす(い)・やす(らか),cheap safe,安全 (safety)
3,Travel & shopping,長,チョウ,なが(い),long leader,長い (long)
3,Travel & shopping,短,タン,みじか(い),short (length),短い (short)
3,Travel & shopping,広,コウ,ひろ(い)・ひろ(まる)・ひろ(める)・ひろ(がる)・ひろ(げる),wide spacious,広い (wide/spacious)
3,Travel & shopping,多,タ,おお(い),many much,多い (many)
3,Travel & shopping,少,ショウ,すく(ない)・すこ(し),few a little,少し (a little)
3,Gifts & giving,言,ゲン・ゴン,い(う)・こと,say speak,言葉 (word/language)
3,Gifts & giving,思,シ,おも(う),think feel,思い出 (memory)
3,Gifts & giving,知,チ,し(る)・し(らせる),know,知らない (don't know)
3,Gifts & giving,待,タイ,ま(つ),wait,待合室 (waiting room)
4,Work & society,仕,シ・ジ,つか(える),work serve,仕事 (work/job)
4,Work & society,事,ジ・ズ,こと,thing matter work,仕事 (job)
4,Work & society,働,ドウ,はたら(く),work labor,働く (to work)
4,Work & society,問,モン,と(う)・と(い)・とん,question problem,問題 (problem)
4,Work & society,答,トウ,こた(える)・こた(え),answer reply,答える (to answer)
4,Work & society,考,コウ,かんが(える),think consider,考える (to think)
4,Work & society,決,ケツ,き(める)・き(まる),decide determine,決める (to decide)
4,Work & society,始,シ,はじ(める)・はじ(まる),begin start,始める (to begin)
4,Work & society,終,シュウ,お(わる)・お(える),end finish,終わる (to end)
4,Numbers & money,数,スウ・ス,かず・かぞ(える),number count,数学 (mathematics)
4,Numbers & money,計,ケイ,はか(る)・はか(らう),plan calculate,合計 (total)
4,Numbers & money,以,イ,,by means of,以上 (or more) / 以下 (or less)
4,Geography & travel,地,チ・ジ,,ground earth place,地図 (map)
4,Geography & travel,図,ズ・ト,はか(る),map diagram,地図 (map)
4,Geography & travel,都,ト・ツ,みやこ,capital city,東京都 (Tokyo Metro)
4,Geography & travel,市,シ,いち,city market,大阪市 (Osaka City)
4,Geography & travel,町,チョウ,まち,town neighborhood,町 (town)
4,Geography & travel,村,ソン,むら,village,村 (village)
4,Geography & travel,島,トウ,しま,island,島 (island)
4,Geography & travel,橋,キョウ,はし,bridge,橋 (bridge)
4,Geography & travel,港,コウ,みなと,harbor port,空港 (airport)
4,Nature & environment,星,セイ・ショウ,ほし,star,星空 (starry sky)
4,Nature & environment,光,コウ,ひか(る)・ひかり,light,光る (to shine)
4,Nature & environment,石,セキ・シャク・コク,いし,stone rock,石けん (soap)
4,Nature & environment,草,ソウ,くさ,grass plant,草原 (grassland)
4,Nature & environment,葉,ヨウ,は,leaf,紅葉 (autumn leaves)
4,Expressing opinions,好,コウ,この(む)・す(く),like fond of,好き (like)
4,Expressing opinions,嫌,ケン・ゲン,きら(う)・いや,dislike hate,嫌い (dislike)
4,Expressing opinions,楽,ガク・ラク,たの(しい)・たの(しむ),fun enjoyable easy,楽しい (fun)
4,Expressing opinions,難,ナン,むずか(しい)・かた(い)・がた(い),difficult hard,難しい (difficult)
4,Expressing opinions,易,イ・エキ,やさ(しい)・やす(い),easy gentle,易しい (easy)
4,Expressing opinions,強,キョウ・ゴウ,つよ(い)・つよ(まる)・つよ(める)・し(いる),strong,勉強 (studying)
4,Expressing opinions,弱,ジャク,よわ(い)・よわ(る)・よわ(まる)・よわ(める),weak,弱い (weak)
4,Expressing opinions,正,セイ・ショウ,ただ(しい)・ただ(す)・まさ,correct right proper,正しい (correct)
